Reference No,Wallet Address,Name,Email,Phone,Address,City,State,Zip,Complaint,Department,Status,Date,Blockchain Status,Transaction Hash,Solve Hash,Media URLs,Discard Reason,Discarded By,Discarded At,Authority Solved Note,Authority Solved By,Authority Solved At,Last Authority Action At,Dispute Raised,Dispute Raised At,Permanently Closed
O5ERX6YI,0x1234567890123456789012345678901234567890,Live Test,live@test.com,9999999999,Test Address,Bengaluru,Karnataka,560001,Water supply is not working in my area,Water Supply,Permanently Closed,2026-08-31 19:08:04,Success,a70d2cb6c98b64ef13434c4db7deb568e18bece9df1ca7f72efb52bfc2fdea16,,,,,,solved,superadmin (All),2026-08-31 19:52:08,2026-08-31 19:52:08,,,Yes
S0RG15XF,0x8b9e5ac0e893650153b0c36fd182ee8eb1ab4b69,SUBRAMANYAM NADANI,myself.reyansh23@gmail.com,6296623680,"KANYAPUR,NEAR HOUSING COMPLEX",ASANSOL,Delhi,713305,PANI NAYI AA RAHA HAI,Water Supply,Solved,2026-08-31 19:17:37,Success,e8a1e5073c5e65aa3f66ddd462db78d51b519ab1a1d1e0461834657f45ef1db4,967dfb96cbbf59cd5103408bd24a9efe62b1534b63a0acafc319c06ea1fb1e21,https://res.cloudinary.com/jfbru6st/image/upload/v1788184055/complaints/S0RG15XF/file_0_pawftc.jpg,,,,,,,,,,
7F9JXZOL,0x8b9e5ac0e893650153b0c36fd182ee8eb1ab4b69,SUBHAJIT MALLICK,myself.reyansh23@gmail.com,6296623680,"KANYAPUR,NEAR HOUSING COMPLEX",ASANSOL,West Bengal,713305,ELECTRICITY IN MY LOCALITY IS NOT COMMING,Electricity,Solved,2026-08-31 19:23:08,Success,c12de4900c8bda32f97a407c74ca1acc3441be6f6ad2d5c9fa6236f1b470821c,562a4b616ce36c4dab6d4e7812d6d49a523db8999234e6e54d3c02f0112c4f9b,,,,,DONE,superadmin (All),2026-08-31 19:24:31,2026-08-31 19:24:31,Yes,2026-08-31 19:25:18,
VBPE6ZNW,0x8b9e5ac0e893650153b0c36fd182ee8eb1ab4b69,SUBHAJIT MALLICK,subhajitmallick2004.it.aec@gmail.com,62966236380,Vill- amdanga.po-rupnarayanpur,Hindusthan Cables Town,Madhya Pradesh,713386,"The drainage system in this area is blocked and poorly maintained, causing water to accumulate on the roads and near houses whenever it rains. This stagnant water has become a breeding ground for mosquitoes and other insects, which poses a health risk to the community. Additionally, the waterlogging is causing inconvenience to pedestrians and vehicles, damaging the roads and creating an unsafe environment",Drainage,Solved,2026-08-31 19:54:55,Success,6340c2cd9ef32f2282150151cd8572ac628ca781a23208caf34e17c0e6d7254a,8327cca16ec4c6beb34a0616037648cffdf8ea7736e32b6919457cd1ec8767d6,,,,,,,,,,,
WS0EC2LN,0x8b9e5ac0e893650153b0c36fd182ee8eb1ab4b69,subhajit mallick,Subhajitmallick2004.it.aec@gmail.com,6296623680,Vill- amdanga.po-rupnarayanpur,Hindusthan Cables Town,,713386,"Ei elakar Nordoma system bondho ebong temonbhabe rokhanabekkhon kora hoyni, jar karone borshar shomoy rastay ebong barir kachakachi pani jome jay. Ei sthir pani mosha ebong onnyanno pokamakorer jonno projonon khetre hoye utheche, ja community-r jonno shastho jhuki srishti korche. Tachara, pani jome thakar karone pothchari ebong janbahoner osubidha hochhe, rastar khotigrasto hochhe ebong eta ekta onirapod poribesh toiri korche.",Water Supply,Permanently Closed,2026-08-31 19:57:54,Success,faabe4eebbb9d44b1702ea2e0992dc1274c9a582c6f07832312e195a8ca6eac0,,,no valid you are a cheater,superadmin (All),2026-08-31 20:02:02,SOLVE,superadmin (All),2026-08-31 20:03:28,2026-08-31 20:03:28,,,Yes
KO3MIEXW,0x8b9e5ac0e893650153b0c36fd182ee8eb1ab4b69,subhajit mallick,Subhajitmallick2004.it.aec@gmail.com,6296623680,Vill- amdanga.po-rupnarayanpur,Hindusthan Cables Town,Andhra Pradesh,713386,"এই এলাকার নর্দমা সিস্টেম বন্ধ এবং তেমনভাবে রক্ষণাবেক্ষণ করা হয়নি, যার কারণে বর্ষার সময় রাস্তায় এবং বাড়ির কাছাকাছি পানি জমে যায়। এই স্থির পানি মশা এবং অন্যান্য পোকামাকড়ের জন্য প্রজনন ক্ষেত্র হয়ে উঠেছে, যা কমিউনিটির জন্য স্বাস্থ্য ঝুঁকি সৃষ্টি করছে। তাছাড়া, পানি জমে থাকার কারণে পথচারী এবং যানবাহনের অসুবিধা হচ্ছে, রাস্তা ক্ষতিগ্রস্ত হচ্ছে এবং এটা একটি অনিরাপদ পরিবেশ তৈরি করছে।",Water Supply,Permanently Closed,2026-08-31 20:00:03,Success,5928a54e0c4ec0a60a44d89e5017a0e5f616bccb8bb6fd99813d7fa6cce3baef,,https://res.cloudinary.com/jfbru6st/image/upload/v1788186603/complaints/KO3MIEXW/file_0_e2k7ge.jpg,,,,good,superadmin (All),2026-08-31 20:01:27,2026-08-31 20:01:27,,,Yes
JIDG8MHG,0x8b9e5ac0e893650153b0c36fd182ee8eb1ab4b69,49_SUBHAJIT MALLICK,mallicksubhajit2008@gmail.com,9832021394,"AMDANGA ,RUPNARAYANPUR N0126",Hindusthan Cables Town,,713386,urgent repair needed for multiple deep potholes and severe surface damage on amadanga highway,Road Maintenance,Solved,2026-09-02 21:06:03,Success,88a3808b83b45543b0a810c1e3c5d5d00b747e97e7ad68266fbca9c577ff3fc7,d8d27e610c3fcb6e75edf2f9052f1d2b0868f97f3831719fb5643c5e5f66ab4c,,,,,,,,,,,
V8EJXYRI,0x8b9e5ac0e893650153b0c36fd182ee8eb1ab4b69,Saroj Mallick,subhajitmallick2004.it.aec@gmail.com,62966236380,Vill- amdanga.po-rupnarayanpur,Hindusthan Cables Town,Chhattisgarh,713386,"THE EMERGENCY EXIT DOORS IN OUR BUILDING ARE CURENTLY BLOCKED BY STACKED CARDBOARD BOXES, CREATING A SEVERE FIRE HAZARD",Fire Safety,Permanently Closed,2026-09-02 21:15:22,Success,78e6ee5cbc3d402799d534b512038a061bf8bf7a82b0c349763ec19e44409e8a,,,"BOLA NA HOGYA SOLVE ,SUNAYI NAHI DE RAHA ,BEHARA HAI KYA",superadmin (All),2026-09-02 21:39:44,LE AAB TU MANTRI BAN JAA,superadmin (All),2026-09-02 21:40:36,2026-09-02 21:40:36,,,Yes
TMQTOZAX,0x8b9e5ac0e893650153b0c36fd182ee8eb1ab4b69,NEELAM MALLICK,mallicksubhajit2008@gmail.com,9832021394,"AMDANGA ,RUPNARAYANPUR N0126",Hindusthan Cables Town,Andaman and Nicobar Islands,713386,PANI NAHI AA RAHA HAI MERE GHAR PE,Water Supply,Permanently Closed,2026-09-02 21:58:37,Success,7556aa20254e64a18cf1cf0d18c8c651a8ed3db728e395aae79fb49fd73189ca,,https://res.cloudinary.com/jfbru6st/image/upload/v1788366515/complaints/TMQTOZAX/file_0_qivcsf.jpg,,,,DONE,superadmin (All),2026-09-02 21:59:33,2026-09-02 21:59:33,,,Yes
