Reference No,Wallet Address,Name,Email,Phone,Address,City,State,Zip,Complaint,Department,Status,Date,Blockchain Status,Transaction Hash,Solve Hash,Discard Reason,Discarded By,Discarded At,Dispute Raised,Dispute Raised At,Permanently Closed,Authority Solved Note,Authority Solved By,Authority Solved At,Last Authority Action At
93OAN3VU,0xc231c1ea5d09ee0c12856d239d6b78a67d21aaa0,Rahul,rahul2121@gmail.com,1286125,abc collony,Asansol,wb,71334,dikkat ho raha h raaasta pr bhot,Road Maintenance,Processing,2025-08-05 02:02:16,Success,3be91140cea42f5bbcb6e36746ee786bd025a4c89c0be5ed89a9a5594b845fd0,,,,,,,,,,,
7WBIBL80,0xc231c1ea5d09ee0c12856d239d6b78a67d21aaa0,Rahul,rahul2121@gmail.com,1286125,abc collony,Asansol,wb,71334,dikkat ho raha h raaasta pr bhot,Road Maintenance,Processing,2025-08-05 02:06:51,Success,e6e9034e100dfbc0d0f9b6af2c868219ca63d01091bdc525336b41b58f61af50,,,,,,,,,,,
TNYVJCPP,0xc231c1ea5d09ee0c12856d239d6b78a67d21aaa0,Rahul,rahul2121@gmail.com,1286125,abc collony,Asansol,wb,71334,dikkat ho raha h raaasta pr bhot jaada yar,Road Maintenance,Processing,2025-08-05 02:24:15,Success,acfab53b950580166e503ad71c6fa15616de41eeff2812603b788dcf43649130,,,,,,,,,,,
7I9SXLN0,0xc231c1ea5d09ee0c12856d239d6b78a67d21aaa0,Rahul,rahul2121@gmail.com,1286125,abc collony,Asansol,wb,71334,dikkat ho raha h raaasta pr bhot,Road Maintenance,Processing,2025-08-05 02:49:16,Success,b5e6f968c7dfe10b7479dca6956f1456f8a3d7ee3282e5e707335108f7203746,,,,,,,,,,,
XLNFR5O7,0xc231c1ea5d09ee0c12856d239d6b78a67d21aaa0,Rahul,rahul2121@gmail.com,1286125,abc collony,Asansol,wb,71334,dikkat ho raha h raaasta pr bhot,Road Maintenance,Solved,2025-08-05 03:16:39,Success,7384bf37b079f356ec71331be16505bfa80da9a5539b14a56c4170dc58f55d4d,6632354b1d9507943b3c8be86653315a747b3e6033e02111cade54539bde543a,,,,,,,,,,
Y1GI5BHO,0xc231c1ea5d09ee0c12856d239d6b78a67d21aaa0,Rahul,rahul2121@gmail.com,1286125,abc collony,Asansol,wb,71334,paani ka  issue hai,Water Supply,Resolved,2025-08-05 03:24:13,Success,5dc4337943e44abb6e081a4f136912451967cdc75342a3de71294ff371627ace,b8c5a2f1e9d3c6b8a4f7e2d9c8b5a3f6e1d8c4b7a5f2e9d6c3b8a5f1e4d7c2b9,,,,,,,,,,
5FMTY202,0xc231c1ea5d09ee0c12856d239d6b78a67d21aaa0,Rahul,rahul2121@gmail.com,1286125,abc collony,Asansol,wb,71334,paani kam hai,Water Supply,Solved,2025-08-05 03:30:36,Success,5c53ef53c16d961aa7e61d102b85d220384cce384081c5f028f0c2e115f1d60b,0555dd7be96d2cac9a43bcf8464da316826b1d661b6744599fafb3bdf943b275,,,,,,,,,,
XI5U2LKH,0xc231c1ea5d09ee0c12856d239d6b78a67d21aaa0,Rahul,abc@abc.com,1286125,abc collony,Asansol,wb,71334,bijli nahi aa rahi hai,Electricity,Solved,2025-08-05 03:35:12,Success,4a2b10efc0337c710db1f5420ea6406b17de269a4da3c8ae1cc9efebcbc7af82,0x38de26a824e553e128003b7b8366883b4c76f1ac64585b6ea04aaa7f70a8968e,,,,,,,,,,
T7ZAK7NU,0xc231c1ea5d09ee0c12856d239d6b78a67d21aaa0,Rahul,rahul2121@gmail.com,1286125,abc collony,Asansol,wb,71334,selling more than mrp raju sweet shop,Consumer Affairs,Solved,2025-08-06 01:57:26,Success,ba42d61f9d42a6d82cb9f3a8e5c03d69316445d4187e05c75b57e92257b9fb69,720f1574026e3ae10cef8861b44a4d3facfe13e019ce5bec1b4e3d3e4aba9ea6,,,,,,,,,,
PEWREBSV,0xc231c1ea5d09ee0c12856d239d6b78a67d21aaa0,Rahul,abc@abc.com,1286125,abc collony,Asansol,wb,71334,there is issue in the main switch board,Electricity,Submitted,2025-08-06 03:16:04,Success,c25786bf3de32b0c272d861967fe03fb4716d9ba5237d720e19785f7c0315a3f,,,,,,,,,,,
3FX5HXCM,0xc231c1ea5d09ee0c12856d239d6b78a67d21aaa0,Rahul,abc@abc.com,1286125,abc collony,Asansol,wb,71334,paani bhar gaya hai naali mai,Drainage,Solved,2025-08-06 03:17:03,Success,8fc0ddab7470ad1d8a2f61e303e1d3d7ece93eda34c65afe1dacedccbbe41eed,c58945b5541ca6f487603b6d908d4b32bde09148dd8c46823b47ff7e0e0db34e,,,,,,,,,,
V0ESJLDB,0xc231c1ea5d09ee0c12856d239d6b78a67d21aaa0,Rahul,abc@abc.com,1286125,abc collony,Asansol,wb,71334,pothole issue,Road Maintenance,Solved,2025-08-06 04:17:02,Success,efea53950150c44fcb2fd0bc11e07195ad8f816acb19c0798e8bbee051366f63,dfba38b35e5c6fab45a9bcb60a0d4c0af43616b32cfec536c4df08f8011ad7ff,,,,,,,,,,
QV10UWW0,0xc231c1ea5d09ee0c12856d239d6b78a67d21aaa0,Rahul,abc@abc.com,1286125,abc collony,Asansol,wb,71334,mera ghaaar paisa jaada maang raha,Rent/Building,Solved,2025-08-06 21:46:38,Success,11396b6f84a9d03ae7e79006fd7c220f856f86953a4d87135e7343a08b26e69e,0093622adbfc1d807c265b77d65cf0880ed3b60a76bb9496bb8ded0815faf658,,,,,,,,,,
XXT1HT79,0xc231c1ea5d09ee0c12856d239d6b78a67d21aaa0,Rahul,abc@abc.com,1286125,abc collony,Asansol,wb,71334,paani nahi aa raaha,Water Supply,Solved,2025-08-06 21:54:39,Success,5988b68976fc81007878dde1ac61895fb894f6e74a44e776d53a1255ce9fc8a7,0eb37257c28ccef9f84766404523299eb5f9492a368f92c0dfa4aa0c18c61588,,,,,,,,,,
2O3FIYBL,0xc231c1ea5d09ee0c12856d239d6b78a67d21aaa0,Rahul,abc@abc.com,1286125,abc collony,Asansol,wb,71334,Bijli Nahi aa rahi,Electricity,Discarded by Authority,2025-08-12 16:07:51,Success,8d69ab057b038414ef652ea4cebe1868e7895d2b8aa1d252538b6794fc7ab5c8,,NOT GOOD,superadmin,2026-07-04 02:31:58,,,,,,,
K7DNAR5F,0xc231c1ea5d09ee0c12856d239d6b78a67d21aaa0,Rahul,abc@abc.com,1286125,abc collony,Asansol,wb,71334,Bijli Nahi aa rahi,Electricity,Solved,2025-09-01 16:38:12,Success,aa94f5df14470fed4d62959a5cb9af376b7e4f5adfec0bb50ae5a181325064e1,470c94e1987f961099d1d9ea2a0c010a46a095ebbc52614d6ad721ddbe7459f5,,,,,,,,,,
KAWZYNYK,0xc231c1ea5d09ee0c12856d239d6b78a67d21aaa0,Rahul,abc@abc.com,1286125,abc collony,Asansol,wb,71334,paani nahi aa  raha,Water Supply,Solved,2025-12-11 17:31:01,Success,556cbc03ce5022394a25d2f2ba283e9e28c688aa3ea9bb9abd1e7b573150cda2,fd77009394063ee78227a2692e58aa154492e5e7a522adc5e28ae0bcb849ef07,,,,,,,,,,
SAA3W532,0x8237d19d0a9e0458d4e8ff292be2a7c35a061a1e,ABHI,ABHI@GNAIE.COM,1234567890,NEW TOWN,KOLKATA,KOLKATA,713334,There is some issue in gutter off the road,Road Maintenance,Discarded by Authority,2026-07-04 02:50:52,Success,9195cc28f85cd0c14b7ad8a139e9605793b2d3212e85536c9e29b1f77604d305,,YES,superadmin (All),2026-07-04 02:58:55,,,,"CLEANED THE GUTTER 
ADDED SANITATION",superadmin (All),2026-07-04 02:56:05,2026-07-04 02:58:55
RJHZM717,0xc231c1ea5d09ee0c12856d239d6b78a67d21aaa0,Rahul,abc@abc.com,1286125,abc collony,Asansol,wb,71334,paani ki dikkat,Water Supply,Submitted,2026-07-04 03:40:28,Success,5a76cb314f32a60fdd493c1254cb9689e844048359914b2931b1180b0effc577,/static/uploads/complaints/RJHZM717/file_0.jpeg,,,,,,,,,,
FN8L3W16,0xc231c1ea5d09ee0c12856d239d6b78a67d21aaa0,Rahul,abc@abc.com,1286125,abc collony,Asansol,wb,71334,paani ni aa raha,Water Supply,Submitted,2026-07-04 04:24:34,Success,c35340556edf1b2bbf23887cef8bedb12c151922ab2babed7f27cd788b81b810,https://res.cloudinary.com/jfbru6st/image/upload/v1783119257/complaints/FN8L3W16/file_0_dztbr8.jpg,,,,,,,,,,
L9RD5VH4,0xc231c1ea5d09ee0c12856d239d6b78a67d21aaa0,Rahul,abc@abc.com,1286125,abc collony,Asansol,wb,71334,bijli,Electricity,Submitted,2026-07-04 04:34:57,Success,9de1fb0f6637f29f399c2b8f68d27593737c3e0fd95b689e2a9fdf224617708c,https://res.cloudinary.com/jfbru6st/image/upload/v1783119880/complaints/L9RD5VH4/file_0_nhc8cm.jpg
